{"posts":{"items":[{"id":"user-file-post-1.html","fileName":"post-1.html","name":"post-1","publicUrl":"https://editor.nicepageapp.com/6b341d43/3331802/blog/post-1.html","size":3424},{"id":"user-file-post-2.html","fileName":"post-2.html","name":"post-2","publicUrl":"https://editor.nicepageapp.com/6b341d43/3331802/blog/post-2.html","size":3424},{"id":"user-file-post-3.html","fileName":"post-3.html","name":"post-3","publicUrl":"https://editor.nicepageapp.com/6b341d43/3331802/blog/post-3.html","size":3424},{"id":"user-file-post-4.html","fileName":"post-4.html","name":"post-4","publicUrl":"https://editor.nicepageapp.com/6b341d43/3331802/blog/post-4.html","size":3424},{"id":"user-file-post-5.html","fileName":"post-5.html","name":"post-5","publicUrl":"https://editor.nicepageapp.com/6b341d43/3331802/blog/post-5.html","size":3424},{"id":"user-file-post.html","fileName":"post.html","name":"post","publicUrl":"https://editor.nicepageapp.com/6b341d43/3331802/blog/post.html","size":3424}]}}